{"cameraMode":{"drawMode":0,"name":"Shaded","section":"Shading Mode"},"sceneLighting":true,"audioPlay":false,"sceneViewState":{"m_AlwaysRefresh":false,"showFog":true,"showSkybox":true,"showFlares":true,"showImageEffects":true,"showParticleSystems":true,"showVisualEffectGraphs":true,"m_FxEnabled":true},"in2DMode":false,"pivot":{"x":11.184250831604004,"y":19.162906646728517,"z":-1.2809944152832032},"rotation":{"x":0.0014257668517529965,"y":0.9912106990814209,"z":-0.131916806101799,"w":0.01070600189268589},"size":33.08307647705078,"orthographic":false}